datetime,model,scene,case,northern_flow,sac_flow,sjr_flow,exports,ndo,dcc,smscg,sf_tidal_energy,sf_tidal_filter,x2,evap_delta,cu_delta,cu_total,cu_suisun,trp,wci,vcu,vcu.1,uni,rsl,rsl.1,old,pct,mal,cll,emm2,srv,anc,jer,sal,ppt,rri2,bdt,lps,snc,dsj,bdl,nsl2,vol,tss,sss,tms,anh,cse,mrz,oh4,mtz,god,gzl,frk,bac,hol,ori,model_out_sf_tidal_filter,model_out_sf_tidal_energy
2014-01-31,SCHISM,cache,3,6379.28,6015.48,1229.16,4200.74,3983.42,1.0,1.0,2.39,0.15,81.8,124.8,700.53,1377.49,1377.49,599.88,474.09,378.0,378.0,964.21,337.0,337.0,1021.39,20120.59,13019.71,8633.36,2831.32,529.07,4708.39,1243.18,269.56,237.17,976.64,1015.7,171.25,7483.39,655.32,6911.88,8262.71,7841.53,1018.34,171.25,1339.79,4728.75,8632.31,27218.84,338.92,11735.55,13424.96,16935.25,343.63,298.82,313.21,536.42,2.38,2.3
2014-02-01,SCHISM,cache,3,6771.58,6361.14,1190.88,4212.09,3494.27,1.0,1.0,2.0,0.13,78.4,149.8,-106.3,466.13,466.13,644.5,501.72,378.0,378.0,966.86,337.0,337.0,1018.34,19848.59,12905.86,8591.49,2757.9,490.76,4672.41,1277.3,277.1,238.47,977.25,975.01,171.25,7527.35,667.79,7167.19,8665.27,7839.77,1042.71,171.25,1336.99,4691.32,8590.62,27399.4,341.92,11563.51,13273.43,17043.58,354.74,298.61,317.72,562.85,2.36,1.92
2014-02-02,SCHISM,cache,3,6999.18,6631.88,1175.35,4258.14,3453.23,1.0,1.0,1.68,0.08,78.2,103.0,-360.16,42.57,42.57,658.23,531.38,378.0,378.0,976.64,323.5,323.5,990.07,18858.26,12196.18,7630.73,2248.78,350.47,4338.24,1212.22,255.97,244.09,983.56,957.28,175.6,7569.18,658.85,7455.12,8690.55,7779.07,996.18,177.99,1202.56,4354.86,7629.85,27490.09,347.05,11136.78,12273.35,16898.47,359.66,301.83,318.79,582.11,2.3,1.57
2014-02-03,SCHISM,cache,3,6677.35,6343.61,1174.71,4217.7,3255.87,1.0,1.0,1.47,0.09,77.4,107.2,-271.3,145.35,145.35,606.56,505.72,378.0,378.0,976.64,316.43,316.43,994.96,19910.12,12457.4,8048.68,2266.78,369.69,4498.85,1279.31,274.08,247.76,988.65,975.21,186.02,7621.92,698.09,7718.14,7742.98,7815.67,945.24,171.25,1113.8,4511.37,8047.8,28016.77,344.7,11492.86,12773.25,16635.54,375.44,303.98,329.07,570.81,2.31,1.37
2014-02-04,SCHISM,cache,3,6193.32,5888.84,1193.73,4200.86,2915.49,1.0,1.0,1.32,0.26,77.4,108.1,-162.61,347.89,347.89,559.29,479.58,380.77,380.77,958.91,316.43,316.43,997.19,20172.56,12606.5,8339.37,2248.2,366.06,4517.44,1301.56,288.51,251.22,995.36,969.71,189.93,7662.99,717.36,7949.65,8312.78,7896.22,963.6,171.25,1139.66,4535.11,8338.15,28830.04,350.9,11307.21,12641.68,16619.5,388.01,311.92,334.21,531.8,2.44,1.3
2014-02-05,SCHISM,cache,3,6246.76,5764.22,1214.53,4256.52,2910.16,1.0,1.0,1.34,0.31,75.0,86.0,-208.61,217.16,217.16,538.52,434.96,387.16,387.16,944.83,316.43,316.43,991.09,20571.37,13109.82,8834.94,2426.99,381.63,4734.07,1384.35,305.27,259.64,996.18,959.72,192.1,7692.07,746.73,7922.41,8593.93,8015.51,1039.87,171.25,1230.72,4753.51,8833.03,29619.89,353.25,11331.2,12854.78,16943.1,407.16,316.43,341.06,503.4,2.5,1.32
2014-02-06,SCHISM,cache,3,6512.63,5778.32,1206.1,4244.15,2695.7,1.0,1.0,1.61,0.16,74.8,34.9,-743.98,-631.76,-631.76,650.53,503.83,392.91,392.91,937.49,327.58,327.58,976.84,19728.03,12382.87,7944.2,2103.48,319.43,4334.36,1335.99,283.77,265.89,996.18,945.24,192.1,7661.94,747.14,7906.24,9130.05,8040.43,975.41,171.25,1171.34,4353.38,7943.15,28913.09,357.95,11005.68,11991.46,17120.98,408.43,316.43,332.07,620.33,2.38,1.49
2014-02-07,SCHISM,cache,3,6435.93,5849.84,1206.0,4224.37,2030.33,1.0,1.0,1.92,0.02,74.8,-7.4,-1394.63,-1325.18,-1325.18,648.24,520.24,415.23,415.23,928.91,337.0,337.0,966.25,20163.74,12668.28,8065.18,2152.24,334.64,4500.5,1418.86,306.34,273.44,986.82,935.45,196.01,7636.73,823.39,8074.47,7986.36,8160.23,962.98,171.25,1135.62,4519.83,8063.77,29192.44,368.83,11210.36,12300.36,17246.15,429.45,321.57,331.0,608.85,2.28,1.82
2014-02-08,SCHISM,cache,3,6830.36,6182.97,1239.78,4205.67,606.15,1.0,1.0,2.37,-0.03,74.2,-14.8,-3273.12,-3385.63,-3385.63,607.6,437.08,446.61,446.61,917.88,344.06,344.06,962.78,20552.32,12992.86,8286.7,2213.73,330.79,4788.88,1506.6,323.93,296.46,976.43,925.64,213.79,7529.82,902.14,8170.39,7823.24,8250.81,985.8,182.77,1185.85,4808.85,8284.95,29028.07,376.51,11284.41,12461.78,17311.23,469.66,331.86,334.0,559.49,2.27,2.24
2014-02-09,SCHISM,cache,3,10231.29,7401.17,1285.33,4466.26,1996.55,1.0,1.0,2.97,0.03,73.4,1.6,-5052.21,-5452.53,-5452.53,571.64,427.11,501.51,501.51,921.15,356.88,356.88,947.28,20455.29,12867.72,8376.45,2066.32,340.63,4667.46,1472.61,319.22,308.7,971.95,917.88,236.09,7419.78,916.04,8083.25,7855.6,8337.97,1010.41,192.1,1141.68,4686.73,8375.06,28226.3,382.69,11500.34,12682.08,17387.69,505.51,334.21,356.24,510.98,2.32,2.78
2014-02-10,SCHISM,cache,3,13001.68,9763.78,1333.48,4764.6,4529.44,1.0,1.0,3.57,0.06,71.8,23.6,-5017.51,-5334.05,-5334.05,572.9,455.92,542.93,542.93,947.08,357.52,357.52,947.08,20023.49,12627.37,8250.46,2063.99,345.98,4481.72,1407.09,308.92,308.49,967.26,918.29,245.17,7392.2,930.34,8010.06,7575.18,8530.92,978.67,192.97,1091.14,4500.5,8248.71,27575.48,392.27,11904.63,13099.75,17509.4,512.88,340.42,379.49,528.86,2.32,3.39
2014-02-11,SCHISM,cache,3,16642.56,15037.09,1361.29,6062.01,7416.71,1.0,1.0,4.2,-0.05,71.6,37.1,-4488.03,-4580.29,-4580.29,622.0,476.42,501.51,501.51,957.07,357.52,357.52,949.93,19080.46,11859.08,7541.47,1807.89,324.15,4054.81,1292.34,302.26,306.56,961.15,933.81,261.15,7451.24,931.97,7960.19,7117.54,8712.68,906.43,194.27,985.8,4071.14,7539.53,26527.76,399.72,12105.1,13373.41,17311.55,514.14,358.16,398.44,566.2,2.21,3.96
2014-02-12,SCHISM,cache,3,21436.92,20344.59,1368.79,8652.2,10294.53,1.0,1.0,4.78,-0.08,70.8,9.1,-3849.88,-3881.08,-3881.08,612.4,438.77,464.8,464.8,996.38,357.52,357.52,963.8,18567.17,11502.2,7101.4,1644.64,309.78,3884.52,1263.46,301.19,309.13,960.74,952.59,244.74,7642.37,943.61,7881.28,6369.1,8971.65,850.09,179.51,907.45,3899.41,7099.45,26249.1,403.33,12443.74,13884.05,16792.01,524.44,367.13,422.45,513.51,2.16,4.46
2014-02-13,SCHISM,cache,3,24243.03,23272.59,1363.93,10105.81,13525.82,1.0,1.0,4.85,-0.13,70.8,9.6,-1965.74,-1769.23,-1769.23,587.96,413.74,449.36,449.36,1023.01,357.52,357.52,984.17,17511.35,10533.75,6115.31,1246.59,265.46,3511.64,1201.55,294.31,309.13,959.93,956.87,232.2,8066.93,936.47,7659.29,5723.5,9111.47,779.75,182.33,775.22,3523.46,6113.34,25711.6,401.42,12307.11,13627.46,16265.37,538.1,378.0,448.51,499.61,2.12,4.56
2014-02-14,SCHISM,cache,3,23072.47,22181.63,1341.59,9660.37,14505.73,1.0,1.0,4.63,-0.07,71.0,36.8,-211.17,402.85,402.85,576.25,411.83,434.32,434.32,1036.42,363.93,363.93,1031.95,16917.27,9837.39,5406.66,986.0,239.77,3236.35,1177.38,287.0,306.13,959.52,966.04,227.44,8617.14,931.97,7315.97,4841.82,9223.89,697.26,301.62,643.25,3245.79,5405.02,25388.15,399.93,12221.85,13375.75,15534.42,552.16,390.78,477.47,477.47,2.2,4.31
2014-02-15,SCHISM,cache,3,19037.65,18277.82,1313.94,8760.47,11404.86,1.0,1.0,4.1,0.03,70.2,76.5,-109.76,495.13,495.13,570.81,407.8,428.39,428.39,1053.05,374.59,374.59,1035.2,16827.34,9410.1,4917.38,843.94,248.84,3035.84,1162.26,283.13,304.62,958.7,972.36,193.41,8775.22,928.71,6854.78,4464.4,9176.2,658.02,287.86,569.97,3043.99,4915.55,25118.95,404.82,11945.26,13006.45,14955.62,567.25,406.31,501.3,482.11,2.32,3.78
2014-02-16,SCHISM,cache,3,15761.42,15110.53,1274.51,8833.96,8068.82,1.0,1.0,3.49,0.04,69.6,150.5,17.35,650.84,650.84,582.53,419.48,420.54,420.54,1054.68,379.28,379.28,1054.27,15959.62,8695.6,4405.6,702.45,266.75,2746.82,1098.43,329.07,311.28,957.07,978.67,234.58,8823.11,920.54,6190.91,4254.53,8888.88,638.46,201.65,532.01,2753.89,4405.23,24208.76,418.84,11246.11,12560.52,14512.44,570.39,420.75,522.13,493.29,2.34,3.21
2014-02-17,SCHISM,cache,3,14511.41,13888.43,1232.36,9250.15,6358.72,1.0,1.0,2.89,0.09,68.6,107.4,-27.5,601.2,601.2,587.13,419.05,408.22,408.22,1054.68,386.95,386.95,1067.45,15754.58,8558.33,4365.01,714.26,270.42,2597.22,1085.48,341.06,317.07,957.07,989.46,275.37,8759.38,920.13,5656.63,4067.06,8506.3,589.22,203.39,506.14,2601.82,4364.45,23984.92,420.11,10794.14,11975.55,13955.75,580.43,434.11,546.28,499.82,2.36,2.69
2014-02-18,SCHISM,cache,3,14064.64,13468.87,1204.1,9225.33,5908.42,1.0,1.0,2.46,0.11,68.2,117.2,-17.79,620.23,620.23,582.94,420.75,390.14,390.14,1052.45,398.44,398.44,1060.76,15492.52,8232.24,4340.09,691.67,262.01,2509.32,1050.01,343.42,326.29,957.07,994.96,278.82,8550.65,921.35,5202.54,4187.73,8132.88,617.62,190.58,485.49,2514.89,4339.16,24003.63,433.69,10087.2,11412.65,13674.74,590.26,446.82,554.67,495.61,2.38,2.3
2014-02-19,SCHISM,cache,3,11919.76,11411.51,1169.47,8622.19,4323.96,1.0,1.0,2.32,0.05,67.6,118.9,-24.18,602.88,602.88,554.67,425.84,384.82,384.82,1042.1,401.21,401.21,1056.1,15496.48,8220.68,4511.73,702.03,251.65,2506.82,1041.29,341.28,326.08,957.07,1000.04,258.56,8243.1,917.47,4850.6,4177.91,7782.06,634.92,200.35,488.23,2512.2,4510.63,24263.27,439.41,9472.73,11003.8,13533.69,581.27,455.28,560.75,419.26,2.34,2.18
2014-02-20,SCHISM,cache,3,10794.68,10370.74,1111.54,7467.04,4324.94,1.0,1.0,2.47,-0.09,67.8,100.6,-13.64,635.06,635.06,601.13,431.35,371.61,371.61,1035.2,418.84,418.84,1056.1,15033.58,7825.7,4246.39,670.91,243.44,2373.02,999.43,323.08,324.36,957.07,1015.7,229.6,7894.81,908.48,4609.59,4326.97,7463.43,632.42,198.18,500.67,2377.07,4245.84,24023.92,440.26,8868.18,10481.84,13416.42,569.34,476.42,549.01,425.63,2.18,2.29
2014-02-21,SCHISM,cache,3,11270.86,10874.09,1054.79,6603.15,5626.03,1.0,1.0,2.75,-0.16,68.4,104.4,7.94,687.07,687.07,558.87,430.72,358.38,358.38,1035.2,418.84,418.84,1056.5,15352.91,8037.45,4343.04,717.57,246.25,2404.83,988.85,329.07,325.86,957.07,1023.22,212.93,7509.7,910.93,4533.82,4081.35,7130.31,618.87,192.1,496.03,2411.39,4341.38,24274.74,443.43,8597.07,10161.29,13395.5,567.04,476.42,553.83,444.28,2.11,2.54
2014-02-22,SCHISM,cache,3,10841.19,10463.15,1006.82,6349.91,5430.11,1.0,1.0,3.17,-0.05,70.0,76.9,8.91,691.13,691.13,532.85,434.75,357.52,357.52,1020.98,429.66,429.66,1048.39,16483.35,8874.27,5040.69,921.35,263.09,2659.46,1017.53,352.39,334.86,955.44,1026.67,212.93,7123.93,919.51,4530.32,4210.13,6828.62,624.08,192.1,529.49,2667.88,5039.78,25067.48,459.51,8818.58,10318.59,13615.6,571.64,479.79,558.87,440.47,2.21,2.96
2014-02-23,SCHISM,cache,3,10238.04,9858.7,1227.2,5744.09,5669.0,1.0,1.0,3.57,0.08,70.0,78.6,26.46,702.89,702.89,495.82,447.45,357.52,357.52,1017.53,439.2,439.2,1035.2,17606.44,9945.23,5990.35,1266.87,294.53,3076.39,1090.74,377.15,346.2,952.59,1025.65,211.84,6788.02,931.36,4520.94,4745.26,6714.26,674.44,181.9,642.42,3085.86,5988.01,26030.99,455.28,9227.53,10901.58,14118.36,585.87,489.92,565.36,464.16,2.31,3.29
2014-02-24,SCHISM,cache,3,9596.23,9224.7,1465.18,5126.66,5893.98,1.0,1.0,3.9,0.03,71.4,140.2,99.43,790.1,790.1,562.01,462.68,357.52,357.52,997.4,467.76,467.76,1035.2,17521.77,10138.09,6067.15,1388.74,299.04,3185.93,1095.8,376.08,353.04,951.77,1032.96,212.06,6621.69,931.36,4539.53,5328.03,6678.95,737.64,192.1,738.67,3198.97,6065.89,26045.63,459.51,9392.79,11001.24,14579.18,590.26,494.77,560.96,513.51,2.31,3.62
2014-02-25,SCHISM,cache,3,9151.96,8804.96,1461.74,5063.93,5489.67,1.0,1.0,4.0,-0.04,69.2,118.7,58.6,702.95,702.95,534.53,469.24,358.16,358.16,922.58,497.93,497.93,1017.12,18725.39,11234.71,6938.55,1775.08,360.08,3685.25,1187.05,404.82,364.14,951.57,1010.82,212.28,6622.58,944.63,4687.47,5529.22,6666.11,780.78,192.1,826.89,3698.71,6936.77,26388.17,460.15,10265.04,11829.94,14807.88,601.76,494.56,574.37,513.3,2.32,3.54
2014-02-26,SCHISM,cache,3,8819.1,8480.41,1463.84,5155.75,4658.54,1.0,1.0,3.93,-0.07,69.2,136.1,-332.55,-137.88,-137.88,582.94,462.68,360.94,360.94,861.38,514.98,514.98,997.6,17372.2,10439.17,5971.81,1572.24,309.13,3286.34,1124.92,369.47,359.87,955.64,929.93,212.93,6615.97,940.96,4861.59,6107.95,6574.02,816.81,192.1,862.4,3298.78,5970.55,26138.91,466.91,9723.05,11619.69,14929.3,611.36,496.66,538.31,537.89,2.23,3.56
2014-02-27,SCHISM,cache,3,8828.55,8416.17,1473.52,5153.49,4654.29,1.0,1.0,3.67,0.05,67.6,132.1,-362.19,-129.28,-129.28,555.09,466.7,369.69,369.69,858.92,520.24,520.24,906.23,17975.21,10751.24,6329.52,1675.63,326.29,3554.4,1205.78,374.59,373.31,954.83,862.2,212.93,6597.59,947.49,5106.72,5465.79,6587.59,787.38,192.1,855.02,3567.52,6327.55,26096.4,462.26,10057.1,11597.29,14635.93,641.17,492.45,540.41,527.6,2.31,3.3
2014-02-28,SCHISM,cache,3,9910.47,8652.59,1508.38,5081.97,3642.44,1.0,1.0,3.27,0.19,67.0,160.8,-2533.64,-2651.43,-2651.43,559.08,488.65,387.16,387.16,858.92,520.24,520.24,883.92,17059.42,9814.8,5325.49,1365.98,293.88,3170.44,1121.08,341.49,375.87,957.07,858.92,216.18,6642.56,941.77,5317.13,5815.39,6562.41,763.66,192.97,803.65,3182.15,5323.67,25238.43,463.53,9675.24,9996.71,14536.85,631.38,491.82,530.12,533.48,2.41,2.81
2014-03-01,SCHISM,cache,3,10957.4,9467.52,1634.24,5470.77,4735.73,1.0,1.0,2.85,0.1,67.6,92.9,-2292.24,-2362.03,-2362.03,577.09,506.77,411.41,411.41,870.6,520.24,520.24,885.56,16906.32,9489.5,4444.5,1188.87,265.46,3071.47,1081.02,342.56,372.25,958.7,846.81,228.52,6647.56,941.77,5358.0,4944.44,6536.87,707.83,212.93,721.3,3082.64,4443.21,25841.04,465.01,9722.36,9533.59,14374.89,629.09,488.44,512.46,561.8,2.45,2.49
2014-03-02,SCHISM,cache,3,14092.79,13123.92,1906.95,6505.21,7145.07,1.0,1.0,2.35,0.06,66.6,81.8,-2267.66,-2389.89,-2389.89,570.39,519.61,403.54,403.54,876.75,528.23,528.23,901.11,17531.55,9869.79,5367.81,1210.21,271.5,3146.42,1116.02,341.28,372.46,958.5,858.71,236.52,6667.54,945.65,5407.56,4334.18,6510.24,663.43,212.93,658.64,3155.5,5366.9,26425.48,471.35,9734.95,10506.52,14195.77,643.25,476.63,546.49,558.66,2.41,2.09
2014-03-03,SCHISM,cache,3,19905.32,19036.4,2040.19,7568.14,12066.05,1.0,1.0,1.9,0.03,65.0,44.8,-2266.51,-2157.54,-2157.54,623.87,510.14,416.5,416.5,876.75,540.41,540.41,912.97,16553.48,9197.36,5036.49,913.79,255.75,2885.02,1041.69,308.49,360.72,957.07,853.38,249.71,6655.94,946.06,5275.68,5298.23,6439.61,647.83,206.64,604.26,2892.44,5035.76,25756.99,477.68,9179.66,10245.29,14159.48,638.04,477.47,562.64,555.09,2.34,1.72
2014-03-04,SCHISM,cache,3,23515.82,22363.11,1955.33,8564.43,14853.34,1.0,1.0,1.56,-0.14,64.6,32.8,-2020.58,-1922.6,-1922.6,590.89,473.04,430.51,430.51,1019.96,555.51,555.51,913.59,14627.8,7614.51,3643.36,539.78,241.5,2319.56,916.65,277.53,345.13,951.36,891.49,233.71,6636.14,938.1,4930.0,4946.45,6388.26,570.81,175.6,471.35,2324.58,3642.24,24161.47,475.99,8580.67,9289.75,13737.87,607.6,485.49,578.34,553.0,2.16,1.37
2014-03-05,SCHISM,cache,3,22893.09,21768.42,2191.34,8841.8,16054.05,1.0,1.0,1.34,-0.24,65.4,107.0,-81.57,333.5,333.5,596.53,467.55,433.26,433.26,1106.32,572.48,572.48,993.33,13677.08,6556.87,2826.75,394.4,234.79,1989.73,848.04,259.64,328.65,923.4,1030.12,233.71,6532.94,929.52,4955.04,3734.21,6284.0,505.51,201.65,384.61,1991.87,2825.61,23822.85,471.56,8297.38,9353.32,12913.42,588.17,495.19,582.94,517.08,2.1,1.13
2014-03-06,SCHISM,cache,3,23042.19,21365.86,2470.51,8941.91,16687.73,1.0,1.0,1.33,-0.08,66.2,167.8,284.75,712.1,712.1,668.21,463.53,438.98,438.98,1140.47,592.14,592.14,1090.74,13860.37,6307.12,2735.56,335.93,219.43,1891.61,821.54,242.58,313.64,905.61,1121.89,215.09,6395.24,916.86,4943.16,2974.36,6192.89,470.29,177.55,306.56,1893.56,2733.65,24084.92,481.69,7988.46,9745.48,12343.9,575.62,498.35,582.53,529.49,2.27,1.11
2014-03-07,SCHISM,cache,3,26080.96,24388.63,2462.29,10054.2,18846.2,1.0,1.0,1.59,0.23,66.4,73.4,430.55,895.31,895.31,715.71,479.79,439.62,439.62,1175.17,600.71,600.71,1141.28,14461.95,6507.92,2907.85,312.14,214.01,1855.95,819.69,249.06,297.54,888.01,1141.68,192.1,6261.59,912.97,4625.21,2966.01,6163.63,439.83,161.46,285.28,1858.31,2906.33,24666.23,493.08,7891.12,9685.25,12227.09,543.14,507.83,590.47,537.05,2.57,1.37
2014-03-08,SCHISM,cache,3,29802.95,28502.18,2451.78,10547.15,22074.61,1.0,1.0,2.04,0.2,65.6,62.9,429.93,895.5,895.5,730.81,481.69,441.1,441.1,1240.97,600.71,600.71,1175.77,14198.93,6294.04,2685.1,279.25,211.84,1786.68,797.47,235.01,286.57,881.05,1188.26,179.29,6184.45,906.43,4131.41,2970.56,6185.89,435.38,173.64,305.91,1789.03,2683.19,24500.47,497.72,7693.66,9478.09,12325.17,520.87,498.77,566.83,518.77,2.53,1.84
2014-03-09,SCHISM,cache,3,29469.79,28423.29,2458.05,10205.69,21930.95,1.0,1.0,2.77,-0.04,66.2,278.0,486.8,898.11,898.11,742.81,482.96,447.24,447.24,1237.15,600.71,600.71,1239.76,12351.66,5070.06,1753.64,238.9,203.39,1520.49,707.01,210.11,274.08,900.91,1244.79,169.51,6164.7,895.38,3690.3,2180.77,6149.26,422.02,359.66,310.85,1521.88,1752.27,22571.7,489.92,7251.71,8838.08,11964.89,479.79,479.37,537.05,513.09,2.25,2.52
2014-03-10,SCHISM,cache,3,27070.53,26186.32,2486.52,9861.12,19814.59,1.0,1.0,3.66,-0.17,65.6,676.3,794.95,1297.29,1297.29,705.14,493.08,439.41,439.41,1217.65,600.71,600.71,1244.99,11667.88,4628.33,1567.09,226.14,249.71,1356.59,659.89,252.3,266.32,940.96,1236.55,175.6,6140.46,878.59,3417.18,1232.73,5976.85,388.23,218.78,290.87,1357.39,1564.52,21429.69,481.48,7174.64,8504.21,10945.96,440.04,453.38,529.49,536.84,2.08,3.37
2014-03-11,SCHISM,cache,3,24293.62,23484.17,2540.32,8419.24,18734.6,1.0,1.0,4.57,-0.23,65.8,351.4,671.3,1190.01,1190.01,721.92,502.98,435.38,435.38,1152.78,600.71,600.71,1231.32,10024.93,3695.91,1611.43,276.45,274.08,1130.57,592.56,283.99,273.0,1005.74,1188.87,258.77,6086.38,856.25,3109.15,1202.36,5935.98,390.57,201.22,337.64,1131.58,1610.84,20565.77,469.24,6803.16,7894.11,9884.95,325.43,450.21,493.08,558.87,2.01,4.16
2014-03-12,SCHISM,cache,3,21829.87,21162.08,2561.18,6912.39,17861.42,1.0,1.0,5.38,-0.11,67.8,188.8,571.56,1118.09,1118.09,693.95,517.5,433.26,433.26,1055.89,599.46,599.46,1170.13,9202.56,3297.46,1302.96,301.83,252.3,954.22,545.24,258.99,257.7,1080.41,1100.05,267.19,6155.01,820.52,2699.44,1032.96,5832.52,378.64,200.13,334.43,953.81,1302.76,19571.99,462.26,6742.77,7258.08,9426.19,301.4,443.22,440.04,589.85,2.1,4.94
2014-03-13,SCHISM,cache,3,22940.87,22230.85,2552.81,6315.08,19622.33,1.0,0.82,5.97,-0.06,67.6,114.4,558.13,1124.33,1124.33,634.92,520.87,414.81,414.81,1050.82,584.2,584.2,1084.46,12319.6,4868.54,1958.1,376.51,243.01,1069.47,555.72,255.75,257.26,1118.85,1050.42,210.76,5650.12,767.38,2580.15,957.68,5355.28,367.55,178.2,329.29,1071.5,1956.73,22143.26,450.84,6741.17,7644.31,8819.97,320.72,412.89,418.63,570.6,2.19,5.47
2014-03-14,SCHISM,cache,3,25665.59,24928.73,2556.81,5809.32,22740.93,1.0,0.8,5.94,-0.19,66.6,78.3,406.13,949.42,949.42,639.71,522.34,412.68,412.68,1015.09,577.5,577.5,1058.53,11425.4,4625.03,1795.12,346.84,234.58,1021.59,517.08,239.12,254.46,1161.46,1041.49,200.13,5457.27,743.22,2366.27,1525.85,5260.59,370.54,164.29,334.43,1023.82,1793.94,21123.54,439.83,6644.88,7496.28,9207.41,329.29,395.04,399.29,571.23,2.05,5.5
2014-03-15,SCHISM,cache,3,24863.16,24223.34,2557.88,6330.24,21530.45,1.0,1.0,5.39,-0.3,66.2,211.5,651.15,1241.49,1241.49,670.91,528.44,419.9,419.9,954.01,565.36,565.36,1042.1,9869.61,3776.4,1283.12,304.84,219.86,885.15,472.19,222.03,254.46,1171.94,979.89,198.62,5473.95,723.57,2092.01,1206.79,4971.12,344.7,184.07,311.49,886.99,1283.12,19447.38,428.6,6150.16,7035.91,8684.97,327.79,379.71,384.82,564.1,1.94,5.01
2014-03-16,SCHISM,cache,3,21570.01,21019.89,2543.55,6949.5,17632.4,1.0,1.0,4.36,-0.23,65.6,418.1,886.45,1464.91,1464.91,620.54,502.56,423.72,423.72,958.91,560.54,560.54,985.59,9228.91,3349.45,1058.53,274.08,216.39,803.44,444.7,211.19,249.92,1139.46,958.3,180.81,5288.95,688.35,1943.05,909.91,4564.91,318.79,191.67,281.62,803.85,1058.73,17829.29,417.99,5585.72,6416.53,7731.0,323.93,366.49,371.61,558.24,2.01,4.07
2014-03-17,SCHISM,cache,3,18542.63,18059.46,2526.46,6164.64,15111.73,1.0,1.0,3.64,-0.25,62.0,309.7,516.98,1063.01,1063.01,595.28,440.68,418.84,418.84,950.14,560.54,560.54,975.62,8701.01,3050.62,1104.09,255.11,215.09,757.88,416.5,219.21,239.77,1093.17,950.75,175.38,4865.61,688.14,1736.13,826.27,4217.71,302.91,192.97,262.23,758.5,1103.89,18322.43,404.61,5016.59,6106.69,7282.34,311.07,361.79,367.77,528.23,2.0,3.37
2014-03-18,SCHISM,cache,3,16787.65,16335.4,2508.44,5556.17,13980.82,1.0,1.0,2.94,-0.41,61.8,142.5,383.4,935.85,935.85,690.42,532.22,431.57,431.57,942.79,556.14,556.14,964.0,7479.32,2336.55,820.52,240.63,221.81,633.88,380.35,212.49,240.2,1050.21,959.31,192.1,4645.05,681.91,1509.77,985.8,3941.47,293.88,192.1,258.99,634.09,821.13,16838.95,400.57,4416.85,5191.98,6492.19,285.06,356.45,359.44,627.0,1.88,2.66
2014-03-19,SCHISM,cache,3,15755.23,15355.6,2446.54,5268.61,13313.16,1.0,1.0,2.39,-0.46,65.0,167.6,547.6,1112.29,1112.29,688.14,508.04,431.57,431.57,914.4,538.52,538.52,964.21,7525.41,2255.17,692.08,236.09,222.68,592.77,363.07,211.63,238.47,1007.36,930.54,192.1,4288.18,658.85,1376.76,769.65,3646.16,285.92,200.13,255.97,592.98,692.7,17560.37,399.93,3897.18,4707.47,6034.6,276.67,348.76,343.42,637.0,1.86,2.16
2014-03-20,SCHISM,cache,3,14905.81,14506.65,1603.61,4592.51,12264.8,1.0,1.0,2.21,-0.36,66.2,251.0,598.89,1164.1,1164.1,669.66,528.02,419.48,419.48,890.68,516.03,516.03,947.49,8689.15,2537.74,756.65,240.2,222.03,587.55,354.96,212.28,233.71,983.76,906.63,199.27,3860.12,635.96,1293.14,658.02,3327.04,280.97,196.23,251.44,587.34,756.44,18394.22,393.12,3691.42,4465.88,6009.06,276.88,340.63,340.21,629.29,1.99,1.99
2014-03-21,SCHISM,cache,3,14108.94,13742.51,786.56,3465.48,11780.97,1.0,1.0,2.4,-0.23,66.0,222.4,573.35,1121.8,1121.8,589.85,436.02,425.63,425.63,859.94,488.02,488.02,926.66,10480.3,3354.72,1163.88,249.71,227.65,642.62,355.6,216.39,233.28,981.73,893.54,204.04,3420.38,615.74,1209.0,748.18,3073.55,276.88,192.1,250.14,642.62,1163.47,20161.34,380.56,3798.41,4766.71,6603.12,279.68,333.36,332.5,502.98,2.13,2.16
2014-03-22,SCHISM,cache,3,13572.46,13196.37,726.18,2418.8,12190.45,1.0,1.0,2.79,-0.2,66.0,177.2,487.81,1037.02,1037.02,567.87,445.55,439.2,439.2,832.23,467.33,467.33,915.83,10836.34,3780.13,1385.15,255.54,227.87,674.23,346.62,218.13,233.5,982.13,887.61,197.96,3131.67,610.32,1095.8,1205.78,2981.77,275.37,192.1,250.79,674.85,1384.55,19876.7,382.9,3864.77,5143.72,7358.25,279.68,332.07,327.58,492.45,2.13,2.48
2014-03-23,SCHISM,cache,3,13439.53,13074.61,674.97,1995.04,12482.65,1.0,1.0,3.22,-0.26,65.6,182.8,545.99,1101.45,1101.45,577.3,448.94,454.44,454.44,819.49,448.51,448.51,899.27,10794.99,4042.93,1517.32,265.89,224.19,691.04,336.78,216.39,233.71,982.13,880.03,200.57,2997.52,599.88,1068.87,1217.65,2951.38,273.0,193.41,251.65,692.7,1516.32,19440.14,390.57,4055.74,5402.12,7810.04,275.81,333.14,323.93,486.97,2.05,2.91
2014-03-24,SCHISM,cache,3,13539.99,13165.77,624.78,1796.73,12776.29,1.0,1.0,3.58,-0.33,66.0,281.7,689.96,1274.04,1274.04,600.92,469.87,458.88,458.88,801.59,428.81,428.81,888.63,10436.6,4029.0,1433.6,274.08,222.24,705.97,329.5,215.31,233.71,980.5,862.2,198.18,2966.39,590.89,1119.46,1185.24,2897.77,271.71,194.93,254.03,706.8,1433.4,18966.81,394.19,4332.51,5521.98,7892.35,271.07,334.64,320.5,504.04,2.01,3.31
2014-03-25,SCHISM,cache,3,13533.6,13169.67,599.64,1799.16,12440.31,1.0,1.0,3.84,-0.23,66.4,263.7,369.93,884.46,884.46,573.11,473.46,457.4,457.4,795.0,408.43,408.43,882.69,11241.18,4531.98,1769.38,317.72,222.68,789.23,325.65,216.83,233.71,981.32,845.58,197.96,2938.08,567.25,1218.86,1214.83,2893.58,267.4,192.1,255.54,791.29,1770.16,20196.46,395.68,4791.26,6000.24,7870.2,268.48,334.0,319.0,496.45,2.12,3.55
2014-03-26,SCHISM,cache,3,13143.31,12737.98,546.89,1954.74,11672.39,1.0,1.0,3.96,-0.06,66.2,167.0,103.93,551.04,551.04,565.36,462.68,454.23,454.23,757.88,398.44,398.44,878.39,11911.23,4929.81,1911.37,361.79,223.33,895.79,325.86,217.69,233.71,980.71,829.97,193.41,2850.75,543.56,1305.77,1469.03,2962.21,270.42,189.5,263.09,898.86,1911.18,20664.66,395.89,5100.16,6142.62,8268.14,270.63,331.64,317.29,487.39,2.32,3.68
2014-03-27,SCHISM,cache,3,12611.81,12120.62,463.69,1902.03,11596.02,1.0,1.0,3.94,0.06,66.4,165.9,588.45,1072.36,1072.36,557.4,465.01,450.63,450.63,741.15,380.56,380.56,866.71,11796.9,4994.87,2000.26,379.71,221.16,934.22,325.0,217.26,233.71,980.91,819.08,195.14,2843.52,532.22,1366.78,1488.32,3059.34,272.36,178.86,269.99,937.28,1999.48,20756.46,398.44,5143.35,6327.73,8650.27,270.2,330.36,312.14,488.86,2.43,3.67
2014-03-28,SCHISM,cache,3,12848.55,12387.31,426.22,1623.29,12315.21,1.0,1.0,3.6,0.18,66.0,190.0,853.73,1344.95,1344.95,542.93,458.24,443.86,443.86,760.16,362.43,362.43,860.56,12305.26,5290.41,2154.77,410.35,223.11,1004.31,328.65,219.43,233.71,981.73,817.23,197.53,2976.45,515.82,1444.36,1613.81,3121.45,271.5,183.42,271.5,1008.58,2155.35,21050.44,402.91,5447.29,6343.13,8761.81,269.34,329.93,309.78,478.95,2.53,3.45
2014-03-29,SCHISM,cache,3,13303.33,12812.23,418.88,2726.36,10576.46,1.0,1.0,3.33,0.12,64.6,308.0,-111.39,178.75,178.75,521.5,452.11,439.2,439.2,751.9,357.52,357.52,849.07,12144.99,5283.68,2093.37,425.63,217.48,1021.39,324.15,217.26,233.71,980.1,812.91,200.78,3012.7,512.67,1499.45,1804.35,3169.49,272.36,184.07,270.63,1024.84,2093.56,20767.97,403.33,5223.11,6438.0,8977.04,265.89,327.36,306.99,471.77,2.48,3.12
2014-03-30,SCHISM,cache,3,13795.91,12851.68,398.33,3996.88,10523.88,1.0,1.0,2.95,0.07,61.6,321.9,648.43,1023.17,1023.17,506.35,460.78,447.88,447.88,717.15,357.52,357.52,829.15,11253.94,4835.77,2035.55,388.23,215.09,951.97,320.07,214.01,233.71,979.89,810.64,200.57,3133.18,512.67,1568.68,1742.23,3159.85,269.13,192.1,265.03,954.63,2034.77,20178.66,395.68,5197.81,6695.18,8699.44,264.6,321.15,305.27,488.02,2.39,2.65
2014-03-31,SCHISM,cache,3,14250.74,13422.76,447.89,3971.84,10430.63,1.0,0.71,2.48,-0.01,61.0,263.5,-32.67,176.87,176.87,505.72,459.94,459.51,459.51,693.32,357.52,357.52,803.85,10606.01,4301.85,1486.13,337.43,212.93,848.45,309.99,209.46,231.77,976.64,811.67,193.62,3197.46,518.14,1647.2,2013.91,3063.13,258.34,192.1,255.54,849.89,1487.13,20405.96,396.31,4801.52,5771.54,8364.91,263.74,318.57,298.4,489.07,2.31,2.2
2014-04-01,SCHISM,cache,3,16128.01,15037.01,538.68,5173.48,10607.88,1.0,1.0,2.03,-0.09,60.8,210.7,-674.63,-654.79,-654.79,499.61,444.91,471.98,471.98,652.82,346.84,346.84,796.24,9737.71,3644.29,1210.41,279.25,212.93,754.99,304.41,208.59,231.12,973.17,810.03,192.1,3222.76,523.6,1721.95,1235.54,3007.2,256.18,192.1,242.36,757.27,1210.0,19993.31,398.44,4437.68,5391.95,7991.8,260.93,308.49,295.82,475.99,2.23,1.78
2014-04-02,SCHISM,cache,3,19115.19,17950.69,544.97,7135.48,11914.15,1.0,1.0,1.66,-0.1,62.0,211.8,-398.73,-338.09,-338.09,479.16,411.62,479.79,479.79,640.33,337.0,337.0,745.7,9217.99,3249.94,1013.26,244.31,214.66,686.27,294.31,208.81,229.17,975.62,822.37,196.66,3245.79,523.39,1761.71,1206.79,2962.4,246.04,171.68,238.04,687.52,1013.67,19053.67,389.08,4041.26,4760.84,7532.47,254.46,301.19,295.6,421.39,2.22,1.4
2014-04-03,SCHISM,cache,3,21050.59,20126.37,540.14,8028.32,13486.38,1.0,1.0,1.44,-0.05,61.8,195.1,119.07,302.4,302.4,460.99,400.99,477.68,477.68,656.36,337.0,337.0,756.44,10074.82,3485.37,1105.31,239.12,212.93,709.91,299.04,208.59,220.08,976.64,857.69,201.44,3243.34,507.62,1675.43,1028.29,2801.02,239.12,177.55,221.16,710.53,1104.7,21010.36,369.05,3937.19,4826.25,7290.66,257.91,284.2,289.8,411.62,2.3,1.17
2014-04-04,SCHISM,cache,3,20644.78,19925.22,568.03,8529.35,11832.31,1.0,1.0,1.42,-0.02,63.8,214.4,-636.76,-580.82,-580.82,441.74,376.3,446.18,446.18,699.13,327.79,327.79,696.64,9783.6,3386.71,1046.97,223.11,212.93,684.2,297.75,202.3,218.56,976.64,892.31,197.53,3227.86,512.88,1510.57,1145.11,2765.34,240.63,177.99,219.43,684.61,1047.17,20367.03,347.05,3578.95,4722.88,7216.28,257.05,279.04,282.7,388.23,2.32,1.18
2014-04-05,SCHISM,cache,3,19433.78,18781.86,1235.54,8607.96,11819.11,1.0,1.0,1.68,0.02,65.2,127.2,-115.05,191.22,191.22,413.96,350.26,408.22,408.22,756.23,306.99,306.99,687.31,10310.87,3440.11,1108.14,221.38,212.93,686.89,300.33,201.87,212.93,976.64,921.35,193.84,3084.16,502.14,1373.37,1105.31,2738.8,241.28,171.25,220.29,687.31,1108.14,20056.88,326.08,3539.03,4837.97,7398.57,257.05,275.16,282.7,365.42,2.36,1.43
2014-04-06,SCHISM,cache,3,17988.24,17370.3,1873.57,8513.98,12248.96,1.0,1.0,2.24,0.07,66.2,62.2,963.33,1479.63,1479.63,429.45,335.5,369.47,369.47,755.61,295.82,295.82,697.47,10911.31,3741.68,1264.46,222.68,212.93,716.12,304.62,203.17,212.93,973.58,915.02,192.1,2835.9,494.13,1323.59,1240.77,2761.33,238.47,170.6,225.71,716.74,1263.46,20637.94,308.49,3656.83,5072.8,7691.89,255.32,269.13,282.48,344.27,2.4,1.98
2014-04-07,SCHISM,cache,3,16093.89,15513.63,1865.73,8508.43,10510.75,1.0,1.0,3.06,0.13,67.2,81.4,1140.95,1657.34,1657.34,406.1,318.36,344.06,344.06,973.17,275.59,275.59,764.7,11613.08,4139.94,1411.08,229.6,210.33,771.92,306.99,202.52,212.93,974.39,840.65,189.5,2698.87,483.8,1312.98,1168.92,2861.04,242.15,171.25,229.6,773.77,1410.09,21166.46,301.19,4027.89,5240.4,8118.68,251.87,268.91,278.6,323.29,2.43,2.8
2014-04-08,SCHISM,cache,3,14238.42,13674.73,1857.1,7703.21,9494.36,1.0,1.0,4.07,0.12,68.4,168.2,1270.24,1795.32,1795.32,410.56,308.49,323.08,323.08,1050.21,275.16,275.16,859.53,12740.12,4989.75,1887.69,277.31,201.44,913.59,322.0,203.82,212.93,972.36,873.68,179.72,2714.35,468.39,1340.99,1136.03,2998.47,242.79,171.25,233.93,916.24,1885.54,22120.88,293.67,4742.69,5803.48,8750.49,251.22,257.26,274.3,313.0,2.43,3.77
2014-04-09,SCHISM,cache,3,12660.37,12068.26,1813.08,6984.16,8445.75,1.0,1.0,5.01,0.07,67.8,171.3,1127.77,1716.06,1716.06,406.95,296.25,303.34,303.34,1069.27,275.16,275.16,898.86,14108.7,6423.51,3012.32,436.65,207.94,1216.24,353.68,208.81,212.93,970.52,1017.12,171.25,2825.42,439.41,1425.23,1448.54,3356.98,255.54,171.25,252.3,1219.86,3011.75,22394.06,282.26,5721.88,7223.37,9576.45,251.65,254.46,276.67,316.0,2.37,4.69
2014-04-10,SCHISM,cache,3,11595.24,11005.66,1757.58,7309.11,7111.38,1.0,1.0,5.77,0.02,68.4,384.3,1451.97,2068.58,2068.58,445.55,293.24,286.57,286.57,1070.69,275.16,275.16,903.98,13717.5,6461.61,3137.53,493.08,216.83,1327.59,359.02,207.94,212.93,960.13,1058.73,171.25,3076.01,444.7,1565.71,2171.65,3734.58,271.5,171.25,276.67,1331.59,3135.64,22231.34,277.1,6090.88,7673.22,10243.58,251.44,254.46,275.37,299.68,2.32,5.39
2014-04-11,SCHISM,cache,3,11070.51,10486.69,1759.2,6665.21,6939.1,1.0,1.0,6.16,0.02,68.6,524.6,1299.2,1850.8,1850.8,388.44,279.25,275.16,275.16,1042.91,269.56,269.56,922.58,14614.53,7383.19,3893.08,709.29,242.36,1707.37,409.07,214.23,212.93,957.07,1071.1,171.25,3471.85,433.9,1841.05,2231.36,4086.35,289.8,179.29,317.07,1711.51,3892.52,22333.18,276.45,6869.37,8590.27,10626.72,252.95,254.46,276.24,284.85,2.32,5.76
2014-04-12,SCHISM,cache,3,10586.29,10025.97,1805.09,5716.12,7365.66,1.0,1.0,5.91,0.05,67.6,291.4,981.79,1532.35,1532.35,440.47,284.85,275.16,275.16,953.2,254.46,254.46,937.28,15446.16,8155.67,4657.36,967.47,299.25,2015.47,455.71,220.29,212.93,954.01,1049.81,171.25,3741.3,436.65,2182.52,3211.24,4585.88,343.84,171.25,410.56,2020.35,4657.54,23554.93,275.16,7864.22,10088.23,11470.94,256.83,254.46,275.59,331.43,2.36,5.53
2014-04-13,SCHISM,cache,3,10329.34,9769.26,1856.66,5392.84,7717.24,1.0,1.0,5.22,0.14,67.4,236.2,1160.28,1745.38,1745.38,492.66,304.41,275.16,275.16,843.32,254.46,254.46,924.01,14670.94,7635.49,4235.85,896.82,257.26,1881.23,439.2,216.39,212.93,945.45,928.71,171.25,4022.69,460.99,2404.06,3773.04,4650.01,369.47,171.25,445.76,1888.67,4234.92,22757.4,275.16,7526.29,9520.8,11828.59,255.97,255.32,276.67,379.28,2.44,4.92
2014-04-14,SCHISM,cache,3,10688.39,10179.96,1890.63,4940.73,8553.87,1.0,1.0,4.43,0.18,67.0,309.7,1225.29,1836.84,1836.84,495.4,326.08,275.16,275.16,801.18,254.46,254.46,905.82,14603.74,7732.59,4287.07,937.69,249.92,1946.37,462.47,213.36,212.93,950.95,823.39,171.25,4337.87,464.38,2711.1,3393.3,4611.8,380.77,171.25,456.13,1954.58,4286.33,22614.3,275.16,7516.76,9195.1,11691.97,253.81,258.99,272.57,395.68,2.46,4.12
2014-04-15,SCHISM,cache,3,10744.27,10270.54,1893.78,3893.72,9782.32,1.0,1.0,3.51,0.11,66.2,274.1,1312.09,1881.72,1881.72,493.5,348.33,275.16,275.16,795.41,255.97,255.97,892.11,14318.36,7607.46,4319.4,907.86,241.28,1874.18,463.74,211.63,212.93,967.88,794.59,171.25,4425.33,469.02,3008.72,3742.42,4607.75,389.08,150.59,455.71,1881.03,4319.03,22453.03,275.16,7428.97,9318.16,11555.19,253.16,262.23,266.54,431.35,2.39,3.24
2014-04-16,SCHISM,cache,3,10321.34,9862.47,1897.69,3511.91,9755.03,1.0,1.0,2.72,0.06,66.4,367.7,1415.61,2019.02,2019.02,518.98,408.86,275.16,275.16,790.47,275.16,275.16,869.17,13605.57,7016.37,3789.65,787.38,231.12,1657.08,443.01,204.47,212.93,993.74,799.74,171.25,4428.28,471.98,3241.45,3940.72,4525.72,373.95,160.38,427.96,1662.61,3787.97,21503.61,276.24,7007.14,8484.12,11430.67,252.73,263.74,264.17,484.43,2.35,2.51
2014-04-17,SCHISM,cache,3,9847.53,9402.29,2212.13,3252.8,9965.02,1.0,1.0,2.25,0.07,66.0,491.2,1649.36,2241.36,2241.36,521.92,422.87,275.16,275.16,611.15,275.16,275.16,855.02,13818.66,7147.51,3921.37,796.85,226.57,1696.93,451.26,204.26,212.93,989.87,726.88,171.25,4370.18,471.98,3449.31,3732.71,4530.32,372.03,156.68,417.14,1702.45,3921.19,22278.93,277.74,6909.57,8692.64,11282.37,253.16,263.3,263.3,492.03,2.33,2.04
2014-04-18,SCHISM,cache,3,9256.06,8816.28,2811.34,2874.91,10132.56,1.0,1.0,2.11,-0.01,66.4,588.4,1528.46,2098.67,2098.67,544.19,489.29,275.16,275.16,421.17,275.16,275.16,849.27,13591.53,6889.83,3865.15,747.97,226.14,1610.84,437.29,203.6,212.93,927.28,455.92,171.25,4318.48,470.5,3596.37,3949.28,4546.7,366.49,159.07,407.37,1615.59,3864.21,22026.08,283.13,6583.13,8475.04,11263.48,255.97,263.09,262.44,548.38,2.24,1.89
2014-04-19,SCHISM,cache,3,9120.55,8691.66,3459.31,3373.6,10047.2,1.0,1.0,2.26,-0.17,65.4,282.7,1123.65,1682.35,1682.35,459.72,344.7,275.16,275.16,317.29,275.16,275.16,831.82,14202.26,7234.0,4018.42,858.1,245.39,1717.23,441.1,208.38,212.93,838.6,385.67,171.25,4320.88,470.71,3667.86,3701.14,4707.84,372.67,153.41,429.87,1723.92,4018.42,22425.29,291.3,6760.06,9166.48,11184.13,257.7,262.44,261.79,388.65,2.11,2.06
2014-04-20,SCHISM,cache,3,9219.44,8802.1,3892.48,3511.64,10718.0,1.0,1.0,2.66,-0.26,66.6,653.2,1770.92,2398.21,2398.21,368.62,315.79,275.16,275.16,199.7,275.16,275.16,778.31,12999.4,6421.72,3365.83,680.25,222.46,1424.84,402.91,197.75,209.68,627.83,192.54,170.16,4379.96,467.33,3742.05,3924.72,4766.52,346.2,154.72,392.91,1430.22,3365.45,21131.36,293.67,6550.44,8797.17,11178.85,249.71,263.3,258.77,331.64,2.02,2.39
2014-04-21,SCHISM,cache,3,9661.44,9279.46,3939.53,3563.16,11019.32,1.0,1.0,3.02,-0.25,67.4,766.5,1748.0,2316.66,2316.66,271.07,288.72,281.4,281.4,253.81,275.16,275.16,659.68,14229.38,7142.9,3753.44,808.17,243.87,1668.13,417.14,198.62,208.59,413.32,258.77,168.2,4511.92,467.97,3834.77,3347.57,4866.71,342.56,150.37,397.38,1673.06,3754.0,22064.19,292.16,7233.46,8988.34,11174.25,250.79,262.01,259.85,284.63,2.04,2.75
2014-04-22,SCHISM,cache,3,10637.44,10283.96,3911.17,3893.04,11313.16,1.0,1.0,3.35,-0.38,65.8,580.5,1238.09,1782.14,1782.14,269.99,280.54,293.45,293.45,239.98,275.16,275.16,510.35,14857.42,7865.1,4261.93,1020.78,268.05,1983.68,448.72,204.04,210.54,275.16,233.71,170.6,4574.84,465.85,3835.15,3677.4,5074.99,367.98,150.37,448.51,1989.14,4262.48,23524.82,288.94,7976.35,10123.82,11193.5,264.17,259.42,271.07,274.94,1.94,3.01
2014-04-23,SCHISM,cache,3,10753.36,10397.04,3891.98,4235.33,11236.71,1.0,1.0,3.67,-0.43,66.4,412.7,1239.4,1803.27,1803.27,270.63,285.06,295.82,295.82,215.31,275.16,275.16,445.97,13212.26,6751.15,3472.6,751.28,225.27,1564.72,391.42,195.36,218.34,278.82,219.43,163.64,4684.9,469.87,3754.37,3926.77,5138.07,347.05,150.37,408.22,1569.47,3472.04,21617.13,293.88,7590.17,9725.64,11448.34,263.52,259.42,270.63,279.25,1.88,3.22
2014-04-24,SCHISM,cache,3,11528.98,11193.31,3821.11,4034.9,12034.27,1.0,1.0,3.73,-0.33,66.4,391.5,1110.57,1662.66,1662.66,270.2,282.05,297.75,297.75,174.29,275.16,275.16,385.46,13718.67,7093.95,3640.18,834.49,241.5,1713.48,405.46,196.23,224.41,267.83,174.07,162.33,4840.72,465.22,3754.19,3238.24,5325.49,345.13,150.37,413.53,1718.01,3639.8,22556.02,289.8,8015.33,9940.07,11048.65,263.09,260.07,276.45,277.74,1.98,3.4
2014-04-25,SCHISM,cache,3,10679.28,10324.9,3760.46,3902.51,10769.68,1.0,1.0,3.58,-0.21,66.8,554.2,786.65,1183.38,1183.38,248.63,274.73,301.19,301.19,165.6,262.66,262.66,342.77,13919.57,6877.91,3449.88,806.94,229.39,1649.97,394.83,195.14,237.39,245.6,166.47,161.46,4924.33,461.42,3707.68,3162.69,5324.94,342.99,150.37,412.26,1655.1,3449.69,22376.31,289.58,7773.61,9193.37,11002.43,256.83,264.6,276.02,265.68,2.12,3.26
2014-04-26,SCHISM,cache,3,10123.97,9568.47,3820.79,4024.71,11163.51,1.0,1.0,3.39,-0.06,66.8,363.9,1607.36,2051.02,2051.02,243.01,268.91,308.27,308.27,158.42,266.11,266.11,325.65,14193.1,7207.25,3754.19,826.07,237.82,1737.31,408.01,196.88,241.5,209.24,157.77,163.2,5001.07,454.44,3601.99,3256.54,5311.68,344.7,150.37,413.96,1741.64,3753.81,22620.48,295.82,7822.89,9467.54,11018.3,258.56,271.5,278.17,260.72,2.26,3.1
2014-04-27,SCHISM,cache,3,9811.52,9371.51,3954.01,4193.53,10551.13,1.0,1.0,3.13,0.01,66.6,292.9,1272.03,1692.47,1692.47,231.12,267.19,315.36,315.36,165.16,275.16,275.16,303.98,14321.02,7108.67,3556.46,849.89,223.54,1705.4,401.42,199.48,252.73,192.1,152.11,164.07,5043.97,454.86,3476.17,3389.35,5228.39,348.55,150.37,428.81,1710.92,3556.46,23042.35,295.82,7619.98,9111.47,11291.56,257.48,272.79,275.59,254.03,2.36,2.89
2014-04-28,SCHISM,cache,3,9684.56,9309.62,4019.1,4241.51,10597.01,1.0,1.0,2.84,0.06,66.4,151.6,1286.46,1725.9,1725.9,230.68,269.13,316.43,316.43,243.66,275.16,275.16,283.77,13946.25,6840.19,3489.5,758.3,215.09,1583.93,389.29,201.0,263.3,189.93,233.93,162.12,5052.92,457.61,3378.63,3270.5,5072.62,343.84,150.37,410.77,1590.46,3489.12,22399.45,295.82,7347.99,8764.95,11318.78,254.46,275.16,275.16,245.82,2.38,2.61
2014-04-29,SCHISM,cache,3,9789.43,9410.64,4004.17,4198.01,10885.65,1.0,1.0,2.45,0.12,66.2,112.8,1402.86,1956.65,1956.65,258.13,276.67,316.43,316.43,237.39,275.16,275.16,283.34,13738.7,6648.45,3311.97,726.68,205.34,1481.76,382.48,198.83,272.79,185.16,234.79,161.03,5011.12,454.86,3350.39,3260.88,4896.53,331.0,152.76,389.72,1487.72,3311.97,23423.75,297.54,7201.75,8289.32,11210.53,252.73,275.16,274.73,268.26,2.43,2.21
2014-04-30,SCHISM,cache,3,9524.32,9158.72,2936.15,4277.22,9678.5,1.0,1.0,2.03,0.03,66.4,182.3,1677.56,2371.94,2371.94,279.47,298.4,329.29,329.29,246.04,275.16,275.16,289.37,13344.11,6277.37,3014.98,635.54,196.01,1340.59,364.99,197.75,279.9,249.49,246.68,157.33,4884.09,451.69,3330.62,3247.49,4745.44,314.71,150.8,364.99,1346.99,3014.79,23662.39,300.76,6832.89,7938.75,11114.79,253.38,276.88,274.94,288.72,2.34,1.78
2014-05-01,SCHISM,cache,3,10343.77,10003.68,1887.91,4103.38,9894.76,1.0,1.0,1.7,-0.04,67.4,440.2,2206.66,2942.13,2942.13,289.58,308.7,345.98,345.98,220.73,275.16,275.16,308.7,13489.54,6212.63,2939.6,574.57,188.41,1307.17,356.45,196.45,277.31,254.46,230.25,151.46,4709.3,448.3,3321.39,3085.11,4597.09,303.12,150.37,341.49,1312.37,2938.65,23768.7,313.85,6587.59,7763.75,10957.73,254.46,275.59,275.16,296.89,2.28,1.45
2014-05-02,SCHISM,cache,3,11230.35,10965.45,1829.19,4042.94,10678.56,1.0,1.0,1.53,0.09,68.8,701.5,2363.46,3050.37,3050.37,298.4,320.07,372.89,372.89,212.93,275.16,275.16,359.02,14977.31,7082.94,3582.51,633.46,189.28,1513.55,379.49,201.22,267.19,254.46,212.93,150.37,4555.35,437.29,3318.38,3096.09,4510.26,311.71,150.37,347.26,1516.72,3581.76,25000.35,316.43,6776.09,8133.41,11165.57,254.46,275.16,275.16,307.63,2.43,1.25
2014-05-03,SCHISM,cache,3,10633.59,10410.95,1647.65,4128.52,9248.52,1.0,1.0,1.57,0.25,68.6,618.5,1714.3,2270.86,2270.86,305.7,334.0,398.44,398.44,197.31,275.16,275.16,476.63,16920.87,8513.29,4500.5,873.06,207.29,1942.07,424.99,208.59,252.3,254.46,206.86,150.37,4489.64,433.47,3283.7,3757.36,4614.19,347.26,150.37,402.06,1948.13,4499.03,27436.85,318.36,7058.27,9772.9,11262.62,262.87,275.16,277.31,317.29,2.58,1.3
2014-05-04,SCHISM,cache,3,9801.44,9547.13,1406.61,3745.58,8489.0,1.0,1.0,1.84,0.14,68.4,681.2,1707.72,2264.2,2264.2,299.25,326.08,414.17,414.17,192.1,275.16,275.16,599.04,16442.86,8408.1,4625.39,886.79,218.13,1935.04,417.14,210.54,248.63,262.23,192.1,150.37,4484.67,433.47,3246.92,4496.27,4781.92,369.05,150.37,433.69,1942.66,4625.03,25903.54,317.07,6909.21,10679.25,11699.6,269.34,275.16,280.76,304.84,2.47,1.62
2014-05-05,SCHISM,cache,3,9359.13,9126.82,1316.13,3143.64,8486.17,1.0,1.0,2.37,0.1,69.0,623.2,1577.74,2126.75,2126.75,306.77,328.65,410.98,410.98,188.2,275.16,275.16,725.23,16421.22,8645.22,4601.32,888.63,218.13,2074.69,434.11,214.66,244.09,269.34,191.45,150.37,4563.63,437.5,3385.59,4701.41,4911.35,369.05,150.37,430.93,2078.39,4600.77,25405.8,316.43,7572.0,11327.79,12186.89,277.1,275.16,284.2,319.22,2.43,2.1
2014-05-06,SCHISM,cache,3,9222.83,9007.69,1320.62,2702.76,8995.09,1.0,1.0,3.18,0.15,68.8,537.2,1691.59,2261.58,2261.58,320.72,327.15,395.89,395.89,186.89,275.16,275.16,783.88,16594.93,8999.98,5078.64,1024.23,238.25,2230.97,470.29,214.44,239.77,268.48,184.07,150.37,4662.13,446.18,3700.02,4588.82,5202.91,374.59,150.37,442.8,2238.91,5077.54,25377.68,314.5,7961.06,11524.28,12204.29,277.1,275.16,292.59,320.72,2.44,2.81
2014-05-07,SCHISM,cache,3,9146.94,8949.47,1314.84,2617.82,9025.48,1.0,1.0,4.06,0.06,69.2,449.1,1630.62,2201.1,2201.1,295.6,317.29,390.78,390.78,192.1,275.16,275.16,797.06,16598.7,9030.38,5024.81,1112.39,257.05,2201.52,481.27,210.76,237.61,255.75,185.59,150.37,4770.74,451.69,3993.15,4651.66,5434.23,378.86,150.37,469.24,2209.27,5024.63,25038.69,316.64,8119.2,10869.13,12823.35,274.94,279.47,288.72,308.7,2.34,3.67
2014-05-08,SCHISM,cache,3,8922.6,8764.13,1312.17,2718.76,8485.92,1.0,1.0,4.92,-0.07,70.2,548.1,1518.0,2068.64,2068.64,294.31,313.64,380.77,380.77,192.1,275.16,275.16,791.29,16680.4,9180.71,5119.84,1295.95,283.34,2359.52,502.98,212.28,234.15,254.46,192.1,150.37,4949.92,452.11,4235.48,4361.69,5741.74,395.46,150.37,536.21,2370.32,5118.57,24925.67,317.29,8698.39,10756.2,13189.3,275.59,281.19,284.85,305.7,2.24,4.5
2014-05-09,SCHISM,cache,3,8226.59,8028.11,1308.53,2716.23,7771.94,1.0,1.0,5.48,-0.05,70.8,655.0,1608.05,2166.46,2166.46,297.32,317.72,372.67,372.67,192.1,275.16,275.16,770.89,16809.35,9506.97,5553.31,1457.69,315.36,2566.15,533.69,218.13,231.33,254.24,192.1,150.37,5189.62,458.24,4384.94,4446.16,6060.32,440.26,150.37,609.9,2575.16,5552.22,24629.86,318.14,9171.69,11300.23,13370.73,280.11,287.64,289.15,309.35,2.25,5.06
2014-05-10,SCHISM,cache,3,8111.48,7955.41,1309.73,2665.23,7836.99,1.0,1.0,5.68,0.05,69.4,538.9,1619.91,2187.33,2187.33,304.41,323.5,361.36,361.36,176.03,275.16,275.16,730.61,17242.4,9939.72,6173.86,1691.01,375.44,2852.28,594.44,221.16,228.3,252.3,191.02,150.37,5494.8,469.87,4495.53,4717.74,6406.33,518.56,150.37,731.02,2863.32,6173.68,25284.85,316.43,9512.16,11618.34,13665.22,280.33,288.72,294.96,316.0,2.32,5.34
2014-05-11,SCHISM,cache,3,8810.09,8643.79,1318.04,2666.23,8815.5,1.0,1.0,5.44,-0.1,68.2,215.1,1568.71,2229.49,2229.49,300.97,320.93,357.52,357.52,171.25,275.16,275.16,660.72,15837.05,9087.35,5786.88,1353.99,336.35,2456.83,554.46,221.38,225.92,243.87,171.25,150.37,5853.98,474.94,4524.25,5183.43,6414.57,501.93,150.37,653.45,2467.79,5785.79,24317.77,316.43,9439.52,10913.7,14013.42,264.6,295.82,295.82,308.27,2.16,5.07
2014-05-12,SCHISM,cache,3,9204.61,9065.53,1344.22,2634.41,9470.79,1.0,1.0,4.75,-0.19,69.4,154.6,1710.97,2443.65,2443.65,290.87,309.56,357.52,357.52,158.85,275.16,275.16,573.95,15526.99,8668.93,5044.7,1268.27,280.76,2255.94,527.6,207.94,227.44,236.74,150.59,150.37,6086.56,478.74,4667.64,4679.02,6256.03,481.9,139.05,619.29,2268.14,5044.16,23965.25,317.72,9262.37,10467.79,13612.42,262.23,295.82,295.17,297.32,2.07,4.41
2014-05-13,SCHISM,cache,3,9162.12,9046.5,1390.84,2508.25,9806.83,1.0,1.0,4.01,0.07,70.2,211.9,1974.02,2731.43,2731.43,294.96,314.28,357.52,357.52,150.37,275.16,275.16,506.35,16523.34,9251.62,5393.59,1457.29,308.27,2522.38,577.92,211.41,224.84,233.71,150.37,150.37,6053.31,480.64,4848.96,4255.45,6228.05,517.08,129.47,685.65,2535.63,5392.14,25183.39,316.43,9488.99,10551.22,13460.77,263.52,295.82,294.1,302.05,2.35,3.68
2014-05-14,SCHISM,cache,3,9173.8,9051.39,1375.86,2451.62,9819.42,1.0,1.0,3.18,-0.02,69.6,434.3,2155.68,2938.02,2938.02,300.11,319.22,357.52,357.52,150.37,275.16,275.16,460.57,16733.93,9494.17,5617.93,1526.45,302.26,2593.57,603.01,211.19,224.62,233.71,150.37,150.37,5956.68,484.65,4850.79,4869.64,6223.39,556.56,129.47,756.23,2606.8,5617.38,25208.41,316.43,9276.06,10551.05,13874.54,267.62,295.82,290.87,305.48,2.3,2.9
2014-05-15,SCHISM,cache,3,9277.29,9185.23,1331.78,2450.82,9958.45,1.0,1.0,2.53,-0.18,70.0,649.7,2449.91,3209.23,3209.23,288.29,314.5,357.52,357.52,150.37,275.16,275.16,424.99,16252.07,9191.29,5401.76,1366.18,267.83,2430.65,591.1,207.07,224.84,233.71,138.83,150.37,5976.67,486.75,4810.32,5293.68,6166.5,542.51,129.47,703.9,2439.7,5402.12,24221.17,317.93,9051.75,10458.54,13936.25,269.99,295.82,291.09,295.39,2.11,2.3
2014-05-16,SCHISM,cache,3,10284.88,10220.06,1339.0,2631.53,10608.75,1.0,1.0,2.16,-0.18,71.6,714.9,2331.3,3027.62,3027.62,280.76,307.42,351.54,351.54,150.37,275.16,275.16,396.53,16486.63,9361.11,5742.83,1367.38,269.34,2453.94,604.05,207.51,223.76,233.71,141.66,150.37,5985.49,495.4,4897.63,5376.89,6179.6,549.01,135.79,686.27,2463.17,5742.47,25055.43,318.57,8987.82,10973.43,13920.57,277.96,295.82,291.3,287.43,2.13,1.93
2014-05-17,SCHISM,cache,3,11260.94,11169.4,1334.31,2686.08,11191.96,1.0,1.0,1.95,0.06,72.0,766.3,2049.09,2636.35,2636.35,287.64,320.93,339.78,339.78,132.52,275.16,275.16,380.35,18065.81,10526.39,6399.35,1774.49,324.36,2987.65,673.82,220.73,216.83,227.87,141.01,150.37,6014.1,508.88,5001.07,5871.47,6364.09,607.6,143.62,808.38,2998.28,6398.82,26588.98,317.07,9240.01,12000.59,14032.08,288.94,291.73,292.16,302.48,2.39,1.68
2014-05-18,SCHISM,cache,3,12849.94,12769.81,1229.48,2559.59,12582.37,1.0,1.0,2.05,0.18,72.4,751.1,1813.64,2398.17,2398.17,287.64,314.28,337.0,337.0,138.62,275.16,275.16,373.31,18230.5,10843.34,6656.84,1828.11,312.57,3246.54,710.11,229.39,212.93,222.46,129.47,150.37,6073.44,524.02,5111.09,6414.74,6492.72,666.54,131.43,884.94,3255.41,6656.48,26633.88,316.43,9401.27,13022.06,14190.94,307.63,291.73,296.68,300.33,2.44,1.77
2014-05-19,SCHISM,cache,3,13799.3,13725.38,1134.01,2477.04,13478.69,1.0,1.0,2.23,0.24,70.2,406.8,1429.22,1987.31,1987.31,289.37,302.91,337.0,337.0,150.59,282.48,282.48,378.0,18331.67,11057.69,6752.75,1835.17,313.0,3423.76,747.56,226.14,212.93,216.83,131.87,147.32,6193.25,539.57,5310.04,6773.95,6760.77,688.76,129.47,862.4,3435.04,6751.33,26965.72,316.43,9926.63,13670.4,15092.3,329.07,291.73,299.9,295.82,2.47,2.05
2014-05-20,SCHISM,cache,3,14359.83,14248.65,1250.8,2428.92,14280.61,1.0,1.0,2.49,0.08,69.2,361.2,1460.1,2063.31,2063.31,269.13,298.82,337.0,337.0,175.6,295.82,295.82,378.0,16603.77,9616.19,5628.6,1257.24,214.88,2699.63,661.76,194.27,212.93,208.59,149.06,135.35,6335.61,531.17,5612.5,6162.19,6729.41,564.1,129.47,678.59,2709.57,5628.42,25141.47,316.43,9315.74,12900.99,14689.18,322.86,295.82,299.25,280.54,2.33,2.31
2014-05-21,SCHISM,cache,3,15093.97,14987.46,1587.2,2515.96,15624.76,1.0,1.0,2.77,-0.18,69.0,422.6,1882.15,2521.73,2521.73,258.56,291.3,329.93,329.93,204.26,295.82,295.82,378.0,15887.57,8747.01,4886.11,913.79,186.68,2345.63,606.98,182.33,210.11,202.95,176.9,138.4,6444.8,532.43,5862.46,5274.59,6667.36,464.16,129.47,511.61,2354.89,4885.37,24022.5,316.43,9314.18,11699.77,14128.18,303.34,295.82,299.47,275.81,2.11,2.57
2014-05-22,SCHISM,cache,3,15166.87,14998.98,2026.13,2464.51,16222.45,1.0,1.0,2.87,-0.3,69.4,522.1,2016.06,2658.4,2658.4,257.26,289.8,318.79,318.79,212.93,295.82,295.82,378.0,15230.84,8111.31,4409.1,729.99,172.55,2076.25,562.64,178.64,206.42,189.72,208.38,145.8,6493.8,531.17,5917.78,4703.8,6722.1,405.03,134.48,423.93,2084.22,4409.47,23303.69,316.43,9477.57,11370.32,13435.5,289.15,295.82,299.47,272.36,1.98,2.7
2014-05-23,SCHISM,cache,3,14494.65,14410.3,2453.43,2325.51,16230.98,1.0,1.0,2.96,-0.34,69.0,486.2,2094.61,2767.22,2767.22,258.34,286.35,316.43,316.43,226.36,295.82,295.82,385.25,15116.61,7910.81,4290.58,690.84,174.73,1928.39,521.92,178.86,201.87,179.51,215.09,134.92,6519.53,531.38,5778.94,4216.79,6850.15,372.46,129.47,380.35,1933.08,4290.02,23131.45,316.43,9529.27,11287.13,12923.67,282.26,295.82,299.68,271.71,1.93,2.79
2014-05-24,SCHISM,cache,3,14043.27,13997.26,2926.57,2359.82,16203.76,1.0,1.0,3.05,-0.33,68.8,537.2,2130.94,2791.48,2791.48,251.65,274.3,316.43,316.43,247.55,295.82,295.82,391.42,14398.49,7296.15,3853.41,602.59,173.42,1689.04,473.88,172.55,200.78,172.34,242.58,129.47,6602.05,525.07,5485.01,4017.3,6939.44,347.05,129.47,349.62,1694.37,3852.48,22518.47,316.43,9345.7,10875.97,12533.06,275.37,295.82,299.47,262.44,1.93,2.84
2014-05-25,SCHISM,cache,3,13674.2,13627.62,3312.65,2379.88,16400.52,1.0,1.0,2.94,-0.26,69.4,615.3,2408.85,3117.84,3117.84,250.57,268.48,316.43,316.43,262.87,295.82,295.82,392.7,13803.8,6808.68,3406.46,534.32,166.47,1524.07,433.47,166.9,197.1,193.41,257.05,129.47,6718.71,518.77,5111.09,3505.08,6932.68,320.72,129.47,317.93,1527.44,3405.33,21929.32,316.43,9051.58,10599.68,12157.32,265.68,295.82,299.47,262.44,1.97,2.77
2014-05-26,SCHISM,cache,3,13348.31,13371.86,3531.71,2358.39,16270.18,1.0,1.0,2.77,-0.14,69.6,783.0,2531.54,3228.77,3228.77,263.74,276.88,316.43,316.43,274.73,295.82,295.82,390.78,14095.38,6823.81,3409.66,551.11,167.55,1503.82,414.38,167.33,195.14,226.14,275.37,129.47,6774.84,508.67,4782.65,3099.69,6839.83,302.91,129.47,305.27,1509.18,3409.85,22478.7,316.43,8920.19,10485.1,11705.36,260.72,295.82,299.47,271.71,2.1,2.59
2014-05-27,SCHISM,cache,3,12998.72,12984.3,3703.38,2318.71,15839.75,1.0,1.0,2.49,-0.23,68.0,746.6,2202.96,2944.62,2944.62,278.6,285.28,316.43,316.43,249.28,295.82,295.82,387.38,13743.04,6612.76,3285.77,534.95,163.2,1410.88,384.61,166.25,192.1,253.81,246.47,129.47,6727.62,506.14,4379.22,3172.89,6707.84,298.61,129.47,309.78,1415.07,3285.77,22327.31,316.43,8494.43,10285.47,11682.13,258.13,295.82,298.4,281.4,2.03,2.34
2014-05-28,SCHISM,cache,3,12807.21,12786.84,3791.88,2330.9,15658.69,1.0,1.0,2.27,-0.34,67.6,507.0,1897.5,2576.43,2576.43,268.69,274.94,316.43,316.43,259.64,295.82,295.82,388.23,12200.57,5583.18,2568.45,377.58,153.85,1086.69,339.78,158.2,192.76,274.3,254.46,129.47,6658.62,495.19,3943.88,2838.56,6425.12,271.93,129.47,277.53,1089.32,2568.83,20912.45,318.14,7724.84,9429.83,11167.61,245.39,295.82,296.68,271.07,1.91,2.11
2014-05-29,SCHISM,cache,3,12751.72,12781.2,3818.04,2357.9,15851.4,1.0,1.0,2.06,-0.34,68.4,744.9,2384.44,3081.22,3081.22,256.83,264.38,316.43,316.43,278.6,295.82,295.82,391.42,11584.22,4966.55,2077.8,304.84,150.37,920.13,312.14,156.24,196.45,254.46,271.28,129.47,6437.47,480.43,3691.23,2306.81,6039.1,243.44,137.31,239.12,923.6,2077.8,20831.76,325.0,7295.79,8402.51,10453.74,233.93,295.82,295.82,260.5,1.91,1.88
2014-05-30,SCHISM,cache,3,12576.69,12630.76,4114.88,2314.65,15938.83,1.0,1.0,1.85,-0.35,68.0,460.6,2022.51,2720.58,2720.58,272.79,279.25,316.43,316.43,299.04,295.82,295.82,395.46,12372.58,5404.11,2425.25,322.22,152.11,965.23,302.26,159.72,191.24,256.18,296.46,129.47,6103.46,472.19,3523.27,2193.76,5772.8,235.44,136.22,226.14,967.47,2424.87,22377.42,327.15,7081.88,8572.47,10076.71,234.15,295.82,293.88,276.45,1.91,1.69
2014-05-31,SCHISM,cache,3,12115.61,12137.31,4295.86,2322.92,15713.79,1.0,1.0,1.76,-0.34,68.8,478.9,2104.14,2759.31,2759.31,291.3,293.88,316.43,316.43,286.78,295.82,295.82,397.38,11682.81,4876.41,2147.39,292.81,152.76,821.54,283.34,154.5,192.1,282.91,283.34,129.47,5837.57,465.43,3227.86,2427.95,5603.27,226.57,150.37,218.56,823.39,2147.39,20592.82,331.0,6615.97,8283.72,9907.17,233.71,295.82,287.86,295.17,1.92,1.58
2014-06-01,SCHISM,cache,3,11772.89,11858.61,4041.47,2361.48,15246.91,1.0,1.0,1.84,-0.21,70.6,901.3,2695.33,3423.46,3423.46,292.81,292.16,316.43,316.43,286.14,295.82,295.82,388.01,12032.06,5015.86,2316.47,299.9,154.07,857.69,276.02,157.98,190.58,289.58,285.28,129.47,5615.21,452.96,2984.23,2209.27,5393.95,217.69,130.35,212.28,858.92,2315.5,20984.97,331.43,6469.3,8307.88,9856.86,233.71,295.82,282.26,291.3,2.06,1.66
2014-06-02,SCHISM,cache,3,11252.48,11407.97,3682.01,2366.58,13932.3,1.0,0.49,2.04,-0.1,69.4,549.0,1913.39,2502.33,2502.33,297.54,300.76,316.43,316.43,299.68,295.82,295.82,368.41,13491.38,6008.34,3011.56,424.36,162.12,1083.86,290.87,163.42,187.11,285.71,301.62,129.47,5428.97,447.45,2872.27,2457.4,5216.01,221.16,121.64,227.87,1085.27,3011.94,23051.67,327.15,7093.06,9089.08,9862.72,233.71,292.81,279.68,296.46,2.18,1.85
2014-06-03,SCHISM,cache,3,10577.08,10613.4,3257.53,2425.53,12995.52,1.0,0.0,2.44,-0.08,69.2,468.1,2054.54,2701.34,2701.34,310.85,303.55,314.07,314.07,321.36,295.82,295.82,320.5,12500.88,5483.74,2727.53,416.5,166.9,939.32,267.19,163.64,189.06,295.82,315.57,132.09,5191.26,446.4,2865.8,2313.57,5250.58,220.94,129.47,229.17,942.18,2727.72,21660.1,319.65,7640.61,9961.42,10356.17,227.44,292.38,275.81,301.83,2.18,2.22
2014-06-04,SCHISM,cache,3,10663.21,10573.18,2830.6,2476.52,12913.84,1.0,0.0,2.98,-0.04,70.4,657.7,2554.25,3286.1,3286.1,311.49,312.14,313.21,313.21,328.65,295.82,295.82,323.08,12748.7,5447.48,2644.15,416.29,166.25,982.95,267.19,165.81,187.33,300.54,326.08,143.19,5101.07,439.41,3004.35,2723.14,5392.68,214.44,129.47,227.44,985.8,2643.77,21441.32,323.08,7976.87,9707.35,10270.02,219.21,291.09,275.16,306.99,2.21,2.75
2014-06-05,SCHISM,cache,3,10666.37,10542.32,2420.71,2447.7,12416.19,1.0,0.0,3.56,0.04,71.4,717.2,2494.0,3170.07,3170.07,323.72,315.57,305.48,305.48,322.86,295.82,295.82,344.27,13836.18,6155.37,3101.39,531.8,183.42,1181.41,281.83,166.9,185.81,318.14,331.0,150.37,5107.63,422.87,3218.99,3163.44,5663.68,224.19,129.47,249.71,1185.85,3100.82,22627.76,317.93,8361.59,9777.04,10268.82,216.18,289.58,275.16,316.86,2.31,3.36
2014-06-06,SCHISM,cache,3,10084.13,9909.28,2043.38,2426.7,11457.55,1.0,0.0,4.05,0.22,71.4,482.6,2239.33,2895.95,2895.95,329.72,318.36,296.89,296.89,316.21,295.82,295.82,337.21,14690.84,6761.3,3619.59,662.18,207.94,1445.75,300.76,168.42,183.64,327.79,313.0,150.37,5223.47,406.1,3455.89,3323.28,6035.32,244.95,129.47,288.94,1446.15,3619.59,23690.59,316.0,8786.2,10374.01,10787.47,214.23,280.54,274.94,319.22,2.5,3.89
2014-06-07,SCHISM,cache,3,9707.15,9596.92,1705.98,2411.75,10944.91,1.0,0.0,4.53,0.38,72.0,282.2,2225.73,2961.91,2961.91,332.72,321.36,295.82,295.82,333.14,295.82,295.82,338.92,14927.81,7068.57,4067.8,798.29,214.01,1561.15,323.5,167.77,182.11,337.0,319.22,143.84,5507.12,402.06,3740.93,3494.94,6529.01,271.71,129.47,341.06,1565.11,4066.87,23646.95,311.07,9236.54,10790.38,11573.36,212.93,276.88,274.73,325.43,2.65,4.44
2014-06-08,SCHISM,cache,3,9506.74,9475.57,1434.03,2202.08,10899.69,1.0,0.0,4.63,0.77,72.8,385.5,2546.5,3370.15,3370.15,329.72,325.43,289.8,289.8,390.36,295.82,295.82,325.0,15724.27,7685.2,4349.87,1026.26,244.31,1802.0,359.23,168.42,180.59,337.0,351.54,135.79,5954.34,399.93,4023.99,3943.33,6893.21,306.77,129.47,424.99,1810.24,4349.13,24904.85,309.35,9651.93,10708.49,11869.58,212.93,275.59,268.26,328.86,3.06,4.54
2014-06-09,SCHISM,cache,3,9338.5,9407.24,1231.58,2031.6,10772.03,1.0,0.0,4.37,0.74,73.8,1041.9,3275.46,4074.98,4074.98,357.52,321.15,278.6,278.6,408.65,295.82,295.82,338.07,16469.25,8404.08,4866.53,1244.99,259.42,2085.59,396.95,169.73,178.42,337.0,399.51,129.47,6211.91,403.12,4154.02,4101.93,7130.67,361.58,129.47,518.35,2094.73,4864.51,25359.71,303.98,10025.44,11184.98,12718.08,212.93,274.51,255.54,321.57,3.03,4.37
2014-06-10,SCHISM,cache,3,8955.94,9089.19,1072.18,2153.16,9759.68,1.0,0.0,4.11,0.33,71.8,1026.1,2910.81,3575.21,3575.21,353.89,314.5,275.16,275.16,400.14,295.82,295.82,337.0,16673.37,8922.1,5603.45,1324.39,282.7,2330.37,408.22,177.33,177.55,337.0,398.44,129.47,6366.95,406.1,4062.79,4466.24,7185.63,415.65,129.47,571.02,2332.88,5602.91,25082.81,299.04,10218.16,12008.38,12983.96,212.93,269.56,254.46,315.36,2.57,3.99
2014-06-11,SCHISM,cache,3,8724.21,8828.75,934.49,2474.99,8696.67,1.0,0.0,3.63,0.13,70.8,908.1,2421.07,2997.22,2997.22,353.89,314.5,275.16,275.16,398.44,295.82,295.82,349.83,15959.13,8437.64,5312.58,1316.78,301.19,2133.8,390.14,177.55,180.59,337.0,398.44,129.47,6575.98,422.87,4217.9,4662.31,7555.59,462.26,129.47,621.79,2138.46,5311.68,24775.31,295.82,10735.51,12788.89,12981.27,212.93,264.38,254.46,320.5,2.4,3.51
2014-06-12,SCHISM,cache,3,9698.24,9770.64,816.77,2622.03,9449.93,1.0,0.0,3.09,0.14,68.2,538.0,2094.96,2720.66,2720.66,349.19,324.58,275.16,275.16,398.44,295.82,295.82,340.85,15385.26,8181.26,4783.75,1323.99,275.37,1997.73,398.65,174.94,181.46,337.0,398.44,129.47,6888.94,429.02,4398.96,4987.56,7966.51,449.15,129.47,617.62,2006.89,4784.12,24177.02,295.82,10765.77,12782.16,12845.71,214.66,262.01,252.08,334.0,2.43,2.98
2014-06-13,SCHISM,cache,3,12187.97,12249.78,722.69,2555.05,12074.68,1.0,0.0,2.64,0.15,67.8,553.9,2272.97,2958.88,2958.88,357.52,335.28,275.16,275.16,424.57,295.82,295.82,337.0,14135.34,7251.35,4129.56,1040.68,223.11,1699.29,386.31,168.42,182.98,337.0,402.06,129.47,7297.92,431.14,4261.56,5319.85,7919.6,402.27,129.47,539.57,1708.95,4129.74,22668.93,295.82,10249.24,11973.35,12489.59,213.58,259.21,246.9,347.69,2.37,2.49
2014-06-14,SCHISM,cache,3,15505.56,15579.03,662.85,2650.22,15264.99,1.0,0.0,2.26,0.06,68.0,866.6,2613.4,3340.82,3340.82,371.18,335.93,275.16,275.16,440.89,295.82,295.82,337.64,13781.94,6892.14,3829.55,846.81,194.71,1626.26,381.2,164.73,181.9,337.0,420.96,129.47,7534.94,429.66,4244.54,5072.44,7789.1,360.3,129.47,447.88,1633.18,3829.18,22783.51,293.45,9978.63,11432.37,12174.39,212.93,254.46,240.2,347.05,2.27,2.1
2014-06-15,SCHISM,cache,3,18297.62,18389.92,630.25,2635.93,17948.43,1.0,0.0,1.92,-0.05,68.2,870.8,2527.29,3147.3,3147.3,373.95,329.5,275.16,275.16,459.51,295.82,295.82,348.76,14357.93,6902.63,3568.27,753.96,174.94,1570.66,373.53,158.85,178.42,340.63,435.38,129.47,7542.35,426.69,4372.94,4859.57,7708.98,332.72,111.63,399.93,1577.19,3568.46,23113.6,289.37,9978.81,11377.63,11695.02,212.93,254.46,235.88,350.9,2.21,1.82
2014-06-16,SCHISM,cache,3,20324.67,20404.9,608.02,2549.44,19763.32,1.0,0.0,1.78,-0.1,67.2,609.6,1989.67,2599.56,2599.56,369.26,313.64,275.16,275.16,459.51,295.82,295.82,387.16,14473.75,6625.08,3189.14,676.51,154.07,1567.89,367.77,160.16,171.25,343.42,443.43,129.47,7514.11,425.42,4511.37,4756.62,7810.22,308.49,108.58,346.2,1570.86,3189.14,22543.19,281.4,9911.48,11292.41,11191.29,217.48,248.84,233.71,335.93,2.16,1.59
2014-06-17,SCHISM,cache,3,22491.15,22566.95,598.22,2453.01,22350.95,1.0,0.0,1.74,-0.07,66.6,488.6,2203.19,2915.23,2915.23,370.33,313.21,271.93,271.93,444.49,295.82,295.82,410.13,12166.79,5345.47,2392.11,374.38,134.26,1206.18,329.72,147.54,171.25,347.69,449.57,129.47,7545.18,421.6,4365.75,4395.64,7698.24,252.3,108.58,258.56,1209.2,2391.15,20464.74,276.02,9449.03,10883.65,10732.26,215.09,242.15,233.71,335.71,2.15,1.54
2014-06-18,SCHISM,cache,3,23466.34,23546.28,586.15,2334.51,23641.56,1.0,0.0,1.86,-0.15,67.2,508.8,2432.38,3187.28,3187.28,378.0,303.12,255.97,255.97,439.2,295.82,295.82,430.08,11012.84,4568.78,1821.83,253.16,129.47,1019.36,305.91,136.88,169.07,354.96,449.36,127.95,7546.06,414.59,4380.32,3809.6,7505.28,221.59,116.85,202.52,1020.98,1821.43,19833.48,275.16,9115.47,10341.76,10215.58,207.51,238.9,233.71,326.5,2.08,1.69
2014-06-19,SCHISM,cache,3,23448.31,23506.18,556.36,2322.8,23771.73,1.0,0.0,1.92,-0.15,67.8,585.3,2675.16,3418.18,3418.18,378.0,294.74,254.46,254.46,439.2,292.38,292.38,468.39,10838.39,4050.73,1639.7,201.44,129.47,885.56,289.15,136.0,166.25,356.67,439.2,119.25,7402.1,409.07,4528.12,3047.4,7317.21,197.75,116.85,176.25,885.97,1639.3,20614.74,275.16,8876.88,9939.72,9422.39,201.0,236.31,233.71,316.21,2.13,1.8
2014-06-20,SCHISM,cache,3,22434.93,22518.85,536.48,2318.09,22735.39,1.0,0.0,2.12,-0.04,72.6,678.3,2760.37,3502.36,3502.36,378.0,289.37,254.46,254.46,428.6,275.16,275.16,490.97,11080.02,3841.67,1490.11,181.03,129.47,824.42,272.57,137.75,161.25,358.16,438.35,117.94,7221.24,403.54,4770.56,2628.64,7279.15,188.41,110.76,163.64,824.83,1489.51,20786.2,267.83,8666.49,9585.61,9032.99,198.18,233.71,233.71,304.62,2.29,1.91
2014-06-21,SCHISM,cache,3,21155.89,21253.43,526.06,2308.76,21281.67,1.0,0.0,2.3,0.04,71.8,611.3,2519.77,3163.71,3163.71,354.1,291.95,254.46,254.46,418.84,275.16,275.16,503.4,11058.71,3775.09,1307.17,165.81,129.47,751.28,259.42,137.31,154.07,358.59,434.96,124.25,7159.92,395.04,4989.02,2308.35,7335.25,177.77,108.58,155.37,752.31,1306.97,20994.08,263.95,8472.24,9245.38,8688.11,194.71,233.71,233.71,304.2,2.3,2.12
2014-06-22,SCHISM,cache,3,19362.02,19450.31,507.02,2296.57,19655.78,1.0,0.0,2.41,-0.1,70.2,622.0,2705.3,3397.92,3397.92,337.0,291.09,254.46,254.46,418.84,275.16,275.16,486.12,10052.46,3363.57,1068.46,152.33,129.47,639.92,238.47,133.83,150.37,359.23,428.6,129.47,7171.8,388.65,5007.47,2051.72,7338.44,172.77,108.58,147.54,640.33,1068.46,19562.66,262.23,8171.62,8881.4,8325.73,189.5,233.71,232.85,305.91,2.13,2.24
2014-06-23,SCHISM,cache,3,18257.95,18369.47,477.54,2307.48,18584.5,1.0,0.0,2.51,-0.3,69.6,722.6,2879.1,3614.24,3614.24,337.0,290.66,254.46,254.46,418.84,275.16,275.16,459.51,8873.57,2804.07,819.08,138.83,129.47,552.16,220.29,127.95,150.37,363.71,418.84,128.6,7173.22,386.95,4951.75,1823.2,7243.21,169.94,108.58,147.32,553.0,819.28,18025.06,265.68,7735.23,8487.26,7718.85,182.98,233.71,223.76,305.27,1.91,2.32
2014-06-24,SCHISM,cache,3,17467.24,17566.32,474.91,2337.79,17605.89,1.0,0.0,2.52,-0.38,69.8,801.6,2803.13,3493.4,3493.4,337.0,293.24,254.46,254.46,418.84,275.16,275.16,471.56,8747.88,2674.39,709.91,139.05,129.47,509.93,210.98,129.47,150.37,367.98,418.84,125.56,7075.14,378.86,4960.7,1572.64,7057.03,160.16,108.58,141.01,509.93,709.49,18043.09,268.26,7327.82,7917.84,7037.86,180.16,233.71,219.21,308.7,1.84,2.31
2014-06-25,SCHISM,cache,3,15482.21,15589.69,473.29,2374.04,15168.06,1.0,0.0,2.57,-0.27,70.8,743.1,2329.7,2939.92,2939.92,329.93,288.94,254.46,254.46,418.84,275.16,275.16,490.34,8901.93,2728.11,702.03,148.41,129.47,498.35,201.65,129.47,150.37,373.1,418.84,121.42,6953.12,366.7,5006.0,1410.28,6964.14,153.63,108.58,137.96,498.77,701.83,18141.12,259.21,7014.6,7431.09,6619.01,182.55,229.17,212.93,302.48,1.82,2.34
2014-06-26,SCHISM,cache,3,13743.81,13829.33,432.03,2395.64,13126.72,1.0,0.0,2.62,-0.09,71.6,661.4,2007.92,2584.31,2584.31,332.72,281.19,254.46,254.46,418.84,275.16,275.16,500.03,9339.29,2984.8,819.69,156.24,129.47,526.34,198.83,129.47,148.63,374.81,418.84,123.6,6872.57,358.16,5182.33,1329.39,6902.63,152.76,108.58,137.09,526.55,819.69,19261.28,255.97,6880.04,7065.37,6735.29,184.29,221.81,212.93,296.68,2.09,2.38
2014-06-27,SCHISM,cache,3,13594.67,13696.16,413.08,2382.67,13307.39,1.0,0.0,2.61,-0.07,71.6,503.7,2186.02,2902.34,2902.34,307.63,271.5,254.46,254.46,418.84,265.03,265.03,500.03,9848.93,3323.65,1048.19,179.94,129.47,569.34,200.35,131.65,147.1,375.44,418.84,122.51,6843.75,351.97,5270.95,1290.34,6852.29,153.85,108.58,141.88,570.18,1047.58,19836.37,254.46,6967.16,7186.69,7142.37,181.68,216.83,212.93,284.42,2.19,2.38
2014-06-28,SCHISM,cache,3,13360.45,13459.45,409.42,2385.31,13397.69,1.0,0.0,2.51,-0.02,71.4,299.9,2313.03,3009.96,3009.96,277.53,260.28,254.46,254.46,418.84,254.46,254.46,493.71,9772.21,3292.0,1086.08,186.46,131.0,550.9,197.31,129.69,145.15,380.99,418.84,118.59,6810.64,348.97,5254.95,1174.76,6802.27,155.59,108.58,148.19,552.16,1086.08,19653.73,254.46,7016.91,7293.85,7266.05,174.73,212.93,212.93,265.24,2.11,2.46
